category,subtype,article,colour,thickness,size,uom,on_hand,supplier_name,attributes,source_row,source_file,note
LEATHER,,ARTICLE,COLOUR,,,DCM,,SUPLIER,"{""buyer_ref"": ""BYER""}",2,STOCK_LEATHER_TILL_31_03_2026.xlsx,
LEATHER,,GOAT SUEDE,FOREST,,,DCM,713,GLOBEL,"{""pcs"": ""16"", ""buyer_ref"": ""JP"", ""unit_price"": ""9.25""}",3,STOCK_LEATHER_TILL_31_03_2026.xlsx,
LEATHER,,GOAT SUEDE,D.BROWN,,,DCM,174,GLOBEL,"{""pcs"": ""6"", ""buyer_ref"": ""JP"", ""unit_price"": ""8.75""}",4,STOCK_LEATHER_TILL_31_03_2026.xlsx,
LEATHER,,GOAT SUEDE,PINE GREEN,,,DCM,890,GLOBEL,"{""pcs"": ""16"", ""buyer_ref"": ""JP"", ""unit_price"": ""9.5""}",5,STOCK_LEATHER_TILL_31_03_2026.xlsx,
LEATHER,,GOAT SUEDE,PINE GREEN,,,DCM,2878,GLOBEL,"{""pcs"": ""64"", ""buyer_ref"": ""JP"", ""unit_price"": ""9.5""}",6,STOCK_LEATHER_TILL_31_03_2026.xlsx,
LEATHER,,GOAT SUEDE,ICE,,,DCM,320,GLOBEL,"{""pcs"": ""8"", ""buyer_ref"": ""JP"", ""unit_price"": ""9.25""}",7,STOCK_LEATHER_TILL_31_03_2026.xlsx,
LEATHER,,GOAT SUEDE,D.BROWN,,,DCM,320,GLOBEL,"{""pcs"": ""8"", ""buyer_ref"": ""JP"", ""unit_price"": ""9.25""}",8,STOCK_LEATHER_TILL_31_03_2026.xlsx,
LEATHER,,GOAT SUEDE,ALGA,,,DCM,779,GLOBEL,"{""pcs"": ""12"", ""buyer_ref"": ""JP"", ""unit_price"": ""9.25""}",9,STOCK_LEATHER_TILL_31_03_2026.xlsx,
LEATHER,,GOAT SUEDE,WHISKY,,,DCM,1775,GLOBEL,"{""pcs"": ""41"", ""buyer_ref"": ""JP"", ""unit_price"": ""9.25""}",10,STOCK_LEATHER_TILL_31_03_2026.xlsx,
LEATHER,,GOAT SUEDE,VANILLA,,,DCM,461,GLOBEL,"{""pcs"": ""9"", ""buyer_ref"": ""JP"", ""unit_price"": ""8.75""}",11,STOCK_LEATHER_TILL_31_03_2026.xlsx,
LEATHER,,GOAT SUEDE,MILITARY,,,DCM,717,GLOBEL,"{""pcs"": ""21"", ""buyer_ref"": ""JP"", ""unit_price"": ""8.75""}",12,STOCK_LEATHER_TILL_31_03_2026.xlsx,
LEATHER,,GOAT SUEDE,D.BLUE,,,DCM,1527,GLOBEL,"{""pcs"": ""30"", ""buyer_ref"": ""JP"", ""unit_price"": ""9.25""}",13,STOCK_LEATHER_TILL_31_03_2026.xlsx,
LEATHER,,GOAT SUEDE,D.BROWN,,,DCM,585,GLOBEL,"{""pcs"": ""13"", ""buyer_ref"": ""NIPAL"", ""unit_price"": ""8.75""}",14,STOCK_LEATHER_TILL_31_03_2026.xlsx,
LEATHER,,GOAT SUEDE,BROWN,,,DCM,360,,"{""pcs"": ""8"", ""unit_price"": ""8.75""}",15,STOCK_LEATHER_TILL_31_03_2026.xlsx,
LEATHER,,GOAT SUEDE,L.BROWN,,,DCM,900,,"{""pcs"": ""23"", ""unit_price"": ""8.75""}",16,STOCK_LEATHER_TILL_31_03_2026.xlsx,
LEATHER,,GOAT SUEDE,RED,,,DCM,1722,,"{""pcs"": ""41"", ""unit_price"": ""10""}",17,STOCK_LEATHER_TILL_31_03_2026.xlsx,
LEATHER,,GOAT SUEDE,BLUE,,,DCM,491,,"{""pcs"": ""11"", ""unit_price"": ""8.75""}",18,STOCK_LEATHER_TILL_31_03_2026.xlsx,
LEATHER,,GOAT SUEDE,TABAC,,,DCM,2039.9999999999998,,"{""pcs"": ""50"", ""unit_price"": ""8.75""}",19,STOCK_LEATHER_TILL_31_03_2026.xlsx,
LEATHER,,GOAT SUEDE,D.GREEN,,,DCM,451,,"{""pcs"": ""8"", ""unit_price"": ""8.75""}",20,STOCK_LEATHER_TILL_31_03_2026.xlsx,
LEATHER,,GOAT SUEDE,TOUPE,,,DCM,1685,GLOBEL,"{""pcs"": ""39"", ""buyer_ref"": ""NIPAL"", ""unit_price"": ""8.75""}",21,STOCK_LEATHER_TILL_31_03_2026.xlsx,
LEATHER,,GOAT SUEDE,D.BLUE,,,DCM,990,GLOBEL,"{""pcs"": ""18"", ""buyer_ref"": ""JP"", ""unit_price"": ""8.75""}",22,STOCK_LEATHER_TILL_31_03_2026.xlsx,
LEATHER,,GOAT SUEDE,D.BLUE,,,DCM,245,,"{""pcs"": ""5"", ""unit_price"": ""8.75""}",23,STOCK_LEATHER_TILL_31_03_2026.xlsx,
LEATHER,,GOAT SUEDE,BROWN,,,DCM,420,,"{""pcs"": ""10"", ""unit_price"": ""8.75""}",24,STOCK_LEATHER_TILL_31_03_2026.xlsx,
LEATHER,,GOAT SUEDE,L.BLUE,,,DCM,924,,"{""pcs"": ""22"", ""unit_price"": ""8.75""}",25,STOCK_LEATHER_TILL_31_03_2026.xlsx,
LEATHER,,GOAT SUEDE,L.BROWN,,,DCM,456,,"{""pcs"": ""11"", ""unit_price"": ""8.75""}",26,STOCK_LEATHER_TILL_31_03_2026.xlsx,
LEATHER,,GOAT SUEDE WATER PROFF,KHAKI,,,DCM,807,,"{""pcs"": ""21"", ""unit_price"": ""9.25""}",27,STOCK_LEATHER_TILL_31_03_2026.xlsx,
LEATHER,,GOAT SUEDE,D.GREY,,,DCM,852,,"{""pcs"": ""21"", ""unit_price"": ""8.75""}",28,STOCK_LEATHER_TILL_31_03_2026.xlsx,
LEATHER,,GOAT SUEDE,DESERT,,,DCM,62,GLOBEL,"{""pcs"": ""1"", ""buyer_ref"": ""JP"", ""unit_price"": ""10""}",29,STOCK_LEATHER_TILL_31_03_2026.xlsx,
LEATHER,,GOAT SUEDE,CORALLA,,,DCM,852,GLOBEL,"{""pcs"": ""21"", ""buyer_ref"": ""JP"", ""unit_price"": ""10""}",30,STOCK_LEATHER_TILL_31_03_2026.xlsx,
LEATHER,,GOAT SUEDE,RED,,,DCM,774,GLOBEL,"{""pcs"": ""18"", ""buyer_ref"": ""JP"", ""unit_price"": ""10""}",31,STOCK_LEATHER_TILL_31_03_2026.xlsx,
LEATHER,,GOAT SUEDE,EMERALD,,,DCM,698,,"{""pcs"": ""16"", ""unit_price"": ""10""}",32,STOCK_LEATHER_TILL_31_03_2026.xlsx,
LEATHER,,GOAT SUEDE,AZURRO,,,DCM,490,GLOBEL,"{""pcs"": ""14"", ""buyer_ref"": ""NIPAL"", ""unit_price"": ""10""}",33,STOCK_LEATHER_TILL_31_03_2026.xlsx,
LEATHER,,GOAT SUEDE,CREAM,,,DCM,490,GLOBEL,"{""pcs"": ""11"", ""buyer_ref"": ""NIPAL"", ""unit_price"": ""10""}",34,STOCK_LEATHER_TILL_31_03_2026.xlsx,
LEATHER,,GOAT SUEDE,MOKA,,,DCM,10723,NMR,"{""pcs"": ""382"", ""buyer_ref"": ""JP"", ""unit_price"": ""7.25""}",35,STOCK_LEATHER_TILL_31_03_2026.xlsx,
LEATHER,,GOAT SUEDE,D.BLUE,,,DCM,309,NMR,"{""pcs"": ""16"", ""buyer_ref"": ""JP"", ""unit_price"": ""7.25""}",36,STOCK_LEATHER_TILL_31_03_2026.xlsx,
LEATHER,,GOAT SUEDE,BLUE,,,DCM,1155,GLOBEL,"{""pcs"": ""24"", ""unit_price"": ""9.25""}",37,STOCK_LEATHER_TILL_31_03_2026.xlsx,
LEATHER,,CHROME FREE SUEDE,OFF WHITE,,,DCM,436,,"{""pcs"": ""10"", ""unit_price"": ""10.5""}",38,STOCK_LEATHER_TILL_31_03_2026.xlsx,
LEATHER,,GOAT SUEDE,BEIGE,,,DCM,815,GLOBEL,"{""pcs"": ""12"", ""unit_price"": ""9.5""}",39,STOCK_LEATHER_TILL_31_03_2026.xlsx,
LEATHER,,GOAT SUEDE,REDISH TABAC,,,DCM,236,,"{""pcs"": ""6"", ""unit_price"": ""9.25""}",40,STOCK_LEATHER_TILL_31_03_2026.xlsx,
LEATHER,,GOAT SUEDE,CAMEL,,,DCM,720,,"{""pcs"": ""16"", ""unit_price"": ""8.75""}",41,STOCK_LEATHER_TILL_31_03_2026.xlsx,
LEATHER,,GOAT SUEDE,GREEN,,,DCM,2478,GLOBEL,"{""pcs"": ""59"", ""unit_price"": ""8.75""}",42,STOCK_LEATHER_TILL_31_03_2026.xlsx,
LEATHER,,GOAT SUEDE,CHOCOLATE,,,DCM,699,GLOBEL,"{""pcs"": ""15"", ""unit_price"": ""8.75""}",43,STOCK_LEATHER_TILL_31_03_2026.xlsx,
LEATHER,,GOAT SUEDE,ANTIC ROSE,,,DCM,2648,GLOBEL,"{""pcs"": ""67"", ""buyer_ref"": ""JP"", ""unit_price"": ""10.5""}",44,STOCK_LEATHER_TILL_31_03_2026.xlsx,
LEATHER,,GOAT SUEDE,MORO,,,DCM,3937,GLOBEL,"{""pcs"": ""125"", ""buyer_ref"": ""BOMBER A"", ""unit_price"": ""8.75""}",45,STOCK_LEATHER_TILL_31_03_2026.xlsx,
LEATHER,,GOAT SUEDE,LEAF,,,DCM,117,GLOBEL,"{""pcs"": ""30"", ""buyer_ref"": ""JP"", ""unit_price"": ""8.75""}",46,STOCK_LEATHER_TILL_31_03_2026.xlsx,
LEATHER,,GOAT SUEDE,NAVY,,,DCM,937,GLOBEL,"{""pcs"": ""22"", ""unit_price"": ""8.75""}",47,STOCK_LEATHER_TILL_31_03_2026.xlsx,
LEATHER,,GOAT SUEDE,L.TABAC,,,DCM,1850,GLOBEL,"{""pcs"": ""43"", ""buyer_ref"": ""KHAJA"", ""unit_price"": ""8.75""}",48,STOCK_LEATHER_TILL_31_03_2026.xlsx,
LEATHER,,GOAT SUEDE,KHAKI,,,DCM,2687,GLOBEL,"{""pcs"": ""72"", ""buyer_ref"": ""KHAJA"", ""unit_price"": ""8.75""}",49,STOCK_LEATHER_TILL_31_03_2026.xlsx,
LEATHER,,GOAT SUEDE,D.NAVY,,,DCM,4674,GLOBEL,"{""pcs"": ""118"", ""buyer_ref"": ""KHAJA"", ""unit_price"": ""8.75""}",50,STOCK_LEATHER_TILL_31_03_2026.xlsx,
LEATHER,,GOAT SUEDE,GOLD,,,DCM,2675,GLOBEL,"{""pcs"": ""52"", ""buyer_ref"": ""CHALLENGE SRL"", ""unit_price"": ""9.25""}",51,STOCK_LEATHER_TILL_31_03_2026.xlsx,
LEATHER,,COW CALF,BLACK,,,DCM,3582,ATC,"{""pcs"": ""55"", ""buyer_ref"": ""JPN"", ""unit_price"": ""10""}",56,STOCK_LEATHER_TILL_31_03_2026.xlsx,
LEATHER,,SHEEP SPANISH,BLACK,,,DCM,1118,AFRA,"{""pcs"": ""16"", ""buyer_ref"": ""JPN"", ""unit_price"": ""7.5""}",57,STOCK_LEATHER_TILL_31_03_2026.xlsx,
LEATHER,,SHEEP SPANISH,BROWN,,,DCM,2181,AFRA,"{""pcs"": ""41"", ""buyer_ref"": ""JPN"", ""unit_price"": ""7.5""}",58,STOCK_LEATHER_TILL_31_03_2026.xlsx,
LEATHER,,SHEEP SPANISH,GREY,,,DCM,1074,AFRA,"{""pcs"": ""20"", ""buyer_ref"": ""JPN"", ""unit_price"": ""7.5""}",59,STOCK_LEATHER_TILL_31_03_2026.xlsx,
LEATHER,,SHEEP MUST,BLACK,,,DCM,3302,IMP MAAWA,"{""pcs"": ""37"", ""buyer_ref"": ""JPN"", ""unit_price"": ""7.5""}",60,STOCK_LEATHER_TILL_31_03_2026.xlsx,
LEATHER,,SHEEP NAPPA,BLACK,,,DCM,31950,SA,"{""pcs"": ""710"", ""unit_price"": ""7""}",61,STOCK_LEATHER_TILL_31_03_2026.xlsx,
LEATHER,,SHEEP DD,D.BLUE,,,DCM,371,ATC,"{""pcs"": ""6"", ""buyer_ref"": ""JP"", ""unit_price"": ""7.25""}",62,STOCK_LEATHER_TILL_31_03_2026.xlsx,
LEATHER,,SHEEP SPANISH,BROWN,,,DCM,1045.568,HIJAZ,"{""pcs"": ""36"", ""buyer_ref"": ""JPN"", ""unit_price"": ""10""}",63,STOCK_LEATHER_TILL_31_03_2026.xlsx,
LEATHER,,SHEEP DD,BLACK,,,DCM,2148,IMP,"{""pcs"": ""33"", ""unit_price"": ""10""}",64,STOCK_LEATHER_TILL_31_03_2026.xlsx,
LEATHER,,SHEEP VEG,BLACK,,,DCM,9290,ASHNA,"{""pcs"": ""178.65384615384616"", ""unit_price"": ""10""}",65,STOCK_LEATHER_TILL_31_03_2026.xlsx,
LEATHER,,SHEEP ONE TOUCH,BLACK,,,DCM,2436,SA,"{""pcs"": ""42"", ""buyer_ref"": ""JPN"", ""unit_price"": ""8""}",66,STOCK_LEATHER_TILL_31_03_2026.xlsx,
LEATHER,,SHEEP GLAZE NAPPA,BLACK,,,DCM,2482,SA,"{""pcs"": ""43"", ""buyer_ref"": ""LC"", ""unit_price"": ""9""}",67,STOCK_LEATHER_TILL_31_03_2026.xlsx,
LEATHER,,SHEEP ANTIC,BLACK,,,DCM,1046,,"{""pcs"": ""12"", ""unit_price"": ""9""}",68,STOCK_LEATHER_TILL_31_03_2026.xlsx,
LEATHER,,SHEEP ONE TOUCH,L.BROWN,,,DCM,89.8,,"{""pcs"": ""16"", ""unit_price"": ""8""}",69,STOCK_LEATHER_TILL_31_03_2026.xlsx,
LEATHER,,SHEEP NAPPA,BEIGE,,,DCM,1949,BISMI,"{""pcs"": ""29"", ""buyer_ref"": ""JPN"", ""unit_price"": ""8""}",70,STOCK_LEATHER_TILL_31_03_2026.xlsx,
LEATHER,,SHEEP DD,BEIGE,,,DCM,553,,"{""pcs"": ""11"", ""unit_price"": ""7.5""}",71,STOCK_LEATHER_TILL_31_03_2026.xlsx,
LEATHER,,SHEEP DD,RED,,,DCM,741,,"{""pcs"": ""11"", ""unit_price"": ""7.5""}",72,STOCK_LEATHER_TILL_31_03_2026.xlsx,
LEATHER,,SHEEP NAPPA,BROWN,,,DCM,396,,"{""pcs"": ""6"", ""unit_price"": ""8""}",73,STOCK_LEATHER_TILL_31_03_2026.xlsx,
LEATHER,,SHEEP NAPPA,PANNA,,,DCM,257,,"{""pcs"": ""6"", ""unit_price"": ""8""}",74,STOCK_LEATHER_TILL_31_03_2026.xlsx,
LEATHER,,SHEEP DD,MACADA,,,DCM,320,,"{""pcs"": ""6"", ""unit_price"": ""7.25""}",75,STOCK_LEATHER_TILL_31_03_2026.xlsx,
LEATHER,,SHEEP DD,L.PINK,,,DCM,336,,"{""pcs"": ""8"", ""unit_price"": ""7.5""}",76,STOCK_LEATHER_TILL_31_03_2026.xlsx,
LEATHER,,SHEEP ONE TOUCH,L.BROWN,,,DCM,417,,"{""pcs"": ""8"", ""unit_price"": ""8""}",77,STOCK_LEATHER_TILL_31_03_2026.xlsx,
LEATHER,,SHEEP GLASS,WALLNET,,,DCM,22.9,,"{""pcs"": ""4"", ""unit_price"": ""12""}",78,STOCK_LEATHER_TILL_31_03_2026.xlsx,
LEATHER,,SHEEP NUBUCK(COW ATTUM),BROWN,,,DCM,1419,,"{""pcs"": ""28"", ""unit_price"": ""9""}",79,STOCK_LEATHER_TILL_31_03_2026.xlsx,
LEATHER,,SHEEP NAPPA,BORDO,,,DCM,2273,,"{""pcs"": ""33"", ""unit_price"": ""9""}",80,STOCK_LEATHER_TILL_31_03_2026.xlsx,
LEATHER,,SHEEP GLASS,BLACK,,,DCM,1974,,"{""pcs"": ""48"", ""unit_price"": ""12""}",81,STOCK_LEATHER_TILL_31_03_2026.xlsx,
LEATHER,,SHEEP POLO,BEIGE,,,DCM,684,,"{""pcs"": ""15"", ""unit_price"": ""8""}",82,STOCK_LEATHER_TILL_31_03_2026.xlsx,
LEATHER,,SHEEP DD,D.BEIGE,,,DCM,347,,"{""pcs"": ""9"", ""unit_price"": ""7.5""}",83,STOCK_LEATHER_TILL_31_03_2026.xlsx,
LEATHER,,SHEEP DD,D.NAVY,,,DCM,758,,"{""pcs"": ""10"", ""unit_price"": ""7.5""}",84,STOCK_LEATHER_TILL_31_03_2026.xlsx,
LEATHER,,SHEEP DD,RED,,,DCM,741,,"{""pcs"": ""11"", ""unit_price"": ""7.5""}",85,STOCK_LEATHER_TILL_31_03_2026.xlsx,
LEATHER,,SHEEP DD,BLUE,,,DCM,694,,"{""pcs"": ""15"", ""unit_price"": ""7.5""}",86,STOCK_LEATHER_TILL_31_03_2026.xlsx,
LEATHER,,SHEEP DD,TAN,,,DCM,983,,"{""pcs"": ""20"", ""unit_price"": ""7.5""}",87,STOCK_LEATHER_TILL_31_03_2026.xlsx,
LEATHER,,SHEEP SEMI VEG,BLACK,,,DCM,828,,"{""pcs"": ""13"", ""unit_price"": ""7.5""}",88,STOCK_LEATHER_TILL_31_03_2026.xlsx,
LEATHER,,SHEEP SEMI VEG,BLACK,,,DCM,699,,"{""pcs"": ""14"", ""unit_price"": ""7.5""}",89,STOCK_LEATHER_TILL_31_03_2026.xlsx,
LEATHER,,SHEEP VEG TUMBLE,BLACK,,,DCM,308,,"{""pcs"": ""5"", ""unit_price"": ""9""}",90,STOCK_LEATHER_TILL_31_03_2026.xlsx,
LEATHER,,SHEEP NUBUCK,RASCAL,,,DCM,1322,,"{""pcs"": ""27"", ""unit_price"": ""8""}",91,STOCK_LEATHER_TILL_31_03_2026.xlsx,
LEATHER,,COW RUBOFF,BROWN,,,DCM,1319,,"{""pcs"": ""19"", ""unit_price"": ""9""}",92,STOCK_LEATHER_TILL_31_03_2026.xlsx,
LEATHER,,SHEEP RUBOFF,BLACK/BEIGE,,,DCM,1638,ATC,"{""pcs"": ""29"", ""buyer_ref"": ""JPN"", ""unit_price"": ""9""}",93,STOCK_LEATHER_TILL_31_03_2026.xlsx,
LEATHER,,COW RUBOFF,BLACK/BEIGE,,,DCM,1829,ATC,"{""pcs"": ""18"", ""buyer_ref"": ""JPN"", ""unit_price"": ""9""}",94,STOCK_LEATHER_TILL_31_03_2026.xlsx,
LEATHER,,GOAT NAPPLAN,BLACK,,,DCM,580,,"{""pcs"": ""10"", ""unit_price"": ""8""}",95,STOCK_LEATHER_TILL_31_03_2026.xlsx,
LEATHER,,GOAT NAPPLAN,BLACK,,,DCM,817,,"{""pcs"": ""17"", ""unit_price"": ""8""}",96,STOCK_LEATHER_TILL_31_03_2026.xlsx,
LEATHER,,GOAT NAPPLAN,BLACK,,,DCM,232,,"{""pcs"": ""7"", ""unit_price"": ""8""}",97,STOCK_LEATHER_TILL_31_03_2026.xlsx,
LEATHER,,SHEEP ANTIC,GREEN,,,DCM,572,,"{""pcs"": ""8"", ""unit_price"": ""8""}",98,STOCK_LEATHER_TILL_31_03_2026.xlsx,
LEATHER,,SHEEP ANTIC,BLACK,,,DCM,1666,,"{""pcs"": ""32"", ""unit_price"": ""8""}",99,STOCK_LEATHER_TILL_31_03_2026.xlsx,
LEATHER,,SHEEP CROCO,BLACK,,,DCM,468,,"{""pcs"": ""8"", ""unit_price"": ""9""}",100,STOCK_LEATHER_TILL_31_03_2026.xlsx,
LEATHER,,SHEEP PASSION,GREEN,,,DCM,991,,"{""pcs"": ""18"", ""unit_price"": ""8""}",101,STOCK_LEATHER_TILL_31_03_2026.xlsx,
LEATHER,,SHEEP CRUSH WASH,BLACK,,,DCM,1062,,"{""pcs"": ""25"", ""unit_price"": ""8""}",102,STOCK_LEATHER_TILL_31_03_2026.xlsx,
LEATHER,,GOAT ANTIC,GREY,,,DCM,536,,"{""pcs"": ""10"", ""unit_price"": ""8""}",103,STOCK_LEATHER_TILL_31_03_2026.xlsx,
LEATHER,,SHEEP DD,BLACK,,,DCM,749,,"{""pcs"": ""8"", ""unit_price"": ""7.5""}",104,STOCK_LEATHER_TILL_31_03_2026.xlsx,
LEATHER,,GOAT SUEDE,BEIGE/VANILLA,,,DCM,17744,GLOBAL EXIM,"{""pcs"": ""425"", ""buyer_ref"": ""RICANO-1"", ""unit_price"": ""9""}",112,STOCK_LEATHER_TILL_31_03_2026.xlsx,
LEATHER,,GOAT SUEDE,SALVIA,,,DCM,2082,GLOBAL EXIM,"{""pcs"": ""52"", ""buyer_ref"": ""RICANO-2"", ""unit_price"": ""9""}",113,STOCK_LEATHER_TILL_31_03_2026.xlsx,
LEATHER,,GOAT SUEDE,MORO,,,DCM,12983,GLOBAL EXIM,"{""pcs"": ""282"", ""buyer_ref"": ""NIPAL"", ""unit_price"": ""9""}",114,STOCK_LEATHER_TILL_31_03_2026.xlsx,
LEATHER,,SHEEP DD,RED BROWN,,,DCM,3073,SAAD TANNING COMPANY,"{""pcs"": ""63"", ""buyer_ref"": ""RICANO-3"", ""unit_price"": ""7.25""}",115,STOCK_LEATHER_TILL_31_03_2026.xlsx,
LEATHER,,SHEEP MILADY,BLACK,,,DCM,1015,BISMI LEATHERS,"{""pcs"": ""15"", ""buyer_ref"": ""L.C"", ""unit_price"": ""9""}",116,STOCK_LEATHER_TILL_31_03_2026.xlsx,
LEATHER,,GOAT SUEDE,NAVY,,,DCM,567,BLACK ROCK EXPORTS,"{""pcs"": ""135"", ""unit_price"": ""80""}",117,STOCK_LEATHER_TILL_31_03_2026.xlsx,
LEATHER,,LYCRA CRUST,,,,DCM,450,BLACK ROCK EXPORTS,"{""pcs"": ""100"", ""unit_price"": ""100""}",118,STOCK_LEATHER_TILL_31_03_2026.xlsx,
LEATHER,,GOAT SUEDE,BROWN,,,DCM,1505,BLACK ROCK EXPORTS,"{""pcs"": ""350"", ""unit_price"": ""90""}",119,STOCK_LEATHER_TILL_31_03_2026.xlsx,
LEATHER,,GOAT METALLIC,,,,DCM,2394,BLACK ROCK EXPORTS,"{""pcs"": ""570"", ""unit_price"": ""80""}",120,STOCK_LEATHER_TILL_31_03_2026.xlsx,
LEATHER,,STRETCH NAPPA,,,,DCM,1100,BLACK ROCK EXPORTS,"{""pcs"": ""256"", ""unit_price"": ""130""}",121,STOCK_LEATHER_TILL_31_03_2026.xlsx,
LEATHER,,SHEEP PERFORATION,GREY,,,DCM,920,BLACK ROCK EXPORTS,"{""pcs"": ""200"", ""unit_price"": ""70""}",122,STOCK_LEATHER_TILL_31_03_2026.xlsx,
LEATHER,,COW NAPPA,TAN,,,DCM,1800,BLACK ROCK EXPORTS,"{""pcs"": ""177"", ""unit_price"": ""160""}",123,STOCK_LEATHER_TILL_31_03_2026.xlsx,
LEATHER,,NAPPA,TAUPE,,,DCM,1200,BLACK ROCK EXPORTS,"{""pcs"": ""240"", ""unit_price"": ""65""}",124,STOCK_LEATHER_TILL_31_03_2026.xlsx,
LEATHER,,NAPPA,TAN,,,DCM,1356,BLACK ROCK EXPORTS,"{""pcs"": ""269"", ""unit_price"": ""65""}",125,STOCK_LEATHER_TILL_31_03_2026.xlsx,
LEATHER,,NAPPA,BLACK,,,DCM,1886,BLACK ROCK EXPORTS,"{""pcs"": ""343"", ""unit_price"": ""60""}",126,STOCK_LEATHER_TILL_31_03_2026.xlsx,
LEATHER,,GOAT SUEDE,,,,DCM,1680,BLACK ROCK EXPORTS,"{""pcs"": ""400"", ""unit_price"": ""80""}",127,STOCK_LEATHER_TILL_31_03_2026.xlsx,
LEATHER,,GOAT NAPPA,,,,DCM,600,BLACK ROCK EXPORTS,"{""pcs"": ""150"", ""unit_price"": ""90""}",128,STOCK_LEATHER_TILL_31_03_2026.xlsx,
LEATHER,,SHEEP SUEDE WITH GRAIN,BLACK,,,DCM,550,BLACK ROCK EXPORTS,"{""pcs"": ""124"", ""unit_price"": ""80""}",129,STOCK_LEATHER_TILL_31_03_2026.xlsx,
